scenario,policy_name,seed,step,queue_A,queue_B,queue_C,pending_tasks,num_jobs_completed,throughput,total_agv_distance,bottleneck_station,bottleneck_queue_length
congested,nearest,43,0,0,0,0,0,0,0.0,2,ProcessA,0
congested,nearest,43,1,0,0,0,0,0,0.0,4,ProcessA,0
congested,nearest,43,2,0,0,0,1,0,0.0,4,ProcessA,0
congested,nearest,43,3,1,0,0,1,0,0.0,8,ProcessA,1
congested,nearest,43,4,1,0,0,1,0,0.0,12,ProcessA,1
congested,nearest,43,5,1,0,0,3,0,0.0,12,ProcessA,1
congested,nearest,43,6,1,0,0,4,0,0.0,12,ProcessA,1
congested,nearest,43,7,2,0,0,4,0,0.0,14,ProcessA,2
congested,nearest,43,8,2,0,0,4,0,0.0,18,ProcessA,2
congested,nearest,43,9,2,0,0,6,0,0.0,18,ProcessA,2
congested,nearest,43,10,1,0,0,6,0,0.0,22,ProcessA,1
congested,nearest,43,11,2,0,0,6,0,0.0,22,ProcessA,2
congested,nearest,43,12,2,0,0,7,0,0.0,26,ProcessA,2
congested,nearest,43,13,2,0,0,9,0,0.0,26,ProcessA,2
congested,nearest,43,14,1,0,0,9,0,0.0,28,ProcessA,1
congested,nearest,43,15,2,0,0,10,0,0.0,28,ProcessA,2
congested,nearest,43,16,2,0,0,10,0,0.0,30,ProcessA,2
congested,nearest,43,17,2,0,0,10,0,0.0,34,ProcessA,2
congested,nearest,43,18,1,0,0,11,0,0.0,34,ProcessA,1
congested,nearest,43,19,1,0,0,12,0,0.0,38,ProcessA,1
congested,nearest,43,20,1,0,0,13,0,0.0,38,ProcessA,1
congested,nearest,43,21,1,0,0,15,0,0.0,40,ProcessA,1
congested,nearest,43,22,0,0,0,16,0,0.0,40,ProcessA,0
congested,nearest,43,23,0,0,0,17,1,0.041666666666666664,42,ProcessA,0
congested,nearest,43,24,0,0,0,17,1,0.04,46,ProcessA,0
congested,nearest,43,25,0,0,0,20,1,0.038461538461538464,46,ProcessA,0
congested,nearest,43,26,0,0,0,20,1,0.037037037037037035,50,ProcessA,0
congested,nearest,43,27,0,0,0,21,2,0.07142857142857142,50,ProcessA,0
congested,nearest,43,28,0,0,0,22,2,0.06896551724137931,58,ProcessA,0
congested,nearest,43,29,0,0,0,22,2,0.06666666666666667,58,ProcessA,0
congested,nearest,43,30,0,0,0,21,2,0.06451612903225806,60,ProcessA,0
congested,nearest,43,31,0,0,0,22,2,0.0625,60,ProcessA,0
congested,nearest,43,32,0,0,0,23,3,0.09090909090909091,60,ProcessA,0
congested,nearest,43,33,0,0,0,23,3,0.08823529411764706,64,ProcessA,0
congested,nearest,43,34,0,0,0,24,3,0.08571428571428572,64,ProcessA,0
congested,nearest,43,35,0,0,0,24,3,0.08333333333333333,64,ProcessA,0
congested,nearest,43,36,0,0,0,24,4,0.10810810810810811,68,ProcessA,0
congested,nearest,43,37,0,0,0,23,4,0.10526315789473684,78,ProcessA,0
congested,nearest,43,38,0,0,0,24,4,0.10256410256410256,78,ProcessA,0
congested,nearest,43,39,0,0,0,24,4,0.1,78,ProcessA,0
congested,nearest,43,40,0,0,0,23,4,0.0975609756097561,80,ProcessA,0
congested,nearest,43,41,0,0,0,23,4,0.09523809523809523,80,ProcessA,0
congested,nearest,43,42,0,0,0,24,4,0.09302325581395349,80,ProcessA,0
congested,nearest,43,43,0,0,0,23,4,0.09090909090909091,84,ProcessA,0
congested,nearest,43,44,0,0,0,23,4,0.08888888888888889,84,ProcessA,0
congested,nearest,43,45,0,0,0,24,4,0.08695652173913043,84,ProcessA,0
congested,nearest,43,46,0,0,0,24,4,0.0851063829787234,84,ProcessA,0
congested,nearest,43,47,0,0,0,22,4,0.08333333333333333,90,ProcessA,0
congested,nearest,43,48,0,0,0,22,4,0.08163265306122448,90,ProcessA,0
congested,nearest,43,49,0,0,0,24,5,0.1,90,ProcessA,0
congested,nearest,43,50,0,0,0,23,5,0.09803921568627451,94,ProcessA,0
congested,nearest,43,51,0,0,0,22,5,0.09615384615384616,96,ProcessA,0
congested,nearest,43,52,0,0,0,22,5,0.09433962264150944,96,ProcessA,0
congested,nearest,43,53,0,0,0,23,6,0.1111111111111111,96,ProcessA,0
congested,nearest,43,54,0,0,0,21,6,0.10909090909090909,110,ProcessA,0
congested,nearest,43,55,0,0,0,21,6,0.10714285714285714,110,ProcessA,0
congested,nearest,43,56,0,0,0,22,6,0.10526315789473684,110,ProcessA,0
congested,nearest,43,57,0,0,0,22,6,0.10344827586206896,110,ProcessA,0
congested,nearest,43,58,0,0,0,22,6,0.1016949152542373,110,ProcessA,0
congested,nearest,43,59,0,0,0,22,6,0.1,110,ProcessA,0
congested,nearest,43,60,0,0,0,21,6,0.09836065573770492,114,ProcessA,0
congested,nearest,43,61,0,0,0,21,6,0.0967741935483871,114,ProcessA,0
congested,nearest,43,62,0,0,0,21,6,0.09523809523809523,116,ProcessA,0
congested,nearest,43,63,0,0,0,21,6,0.09375,116,ProcessA,0
congested,nearest,43,64,0,0,0,21,6,0.09230769230769231,118,ProcessA,0
congested,nearest,43,65,0,0,0,20,6,0.09090909090909091,122,ProcessA,0
congested,nearest,43,66,0,0,0,21,6,0.08955223880597014,122,ProcessA,0
congested,nearest,43,67,0,0,0,21,6,0.08823529411764706,126,ProcessA,0
congested,nearest,43,68,0,0,0,21,6,0.08695652173913043,126,ProcessA,0
congested,nearest,43,69,0,0,0,21,6,0.08571428571428572,128,ProcessA,0
congested,nearest,43,70,0,0,0,21,6,0.08450704225352113,128,ProcessA,0
congested,nearest,43,71,0,0,0,21,7,0.09722222222222222,130,ProcessA,0
congested,nearest,43,72,0,0,0,20,7,0.0958904109589041,134,ProcessA,0
congested,nearest,43,73,0,0,0,21,7,0.0945945945945946,134,ProcessA,0
congested,nearest,43,74,0,0,0,20,7,0.09333333333333334,138,ProcessA,0
congested,nearest,43,75,0,0,0,20,8,0.10526315789473684,138,ProcessA,0
congested,nearest,43,76,0,0,0,20,8,0.1038961038961039,148,ProcessA,0
congested,nearest,43,77,0,0,0,20,8,0.10256410256410256,148,ProcessA,0
congested,nearest,43,78,0,0,0,19,8,0.10126582278481013,150,ProcessA,0
congested,nearest,43,79,0,0,0,19,8,0.1,150,ProcessA,0
congested,nearest,43,80,0,0,0,20,9,0.1111111111111111,150,ProcessA,0
congested,nearest,43,81,0,0,0,19,9,0.10975609756097561,154,ProcessA,0
congested,nearest,43,82,0,0,0,19,9,0.10843373493975904,154,ProcessA,0
congested,nearest,43,83,0,0,0,19,9,0.10714285714285714,154,ProcessA,0
congested,nearest,43,84,0,0,0,19,10,0.11764705882352941,154,ProcessA,0
congested,nearest,43,85,0,0,0,18,10,0.11627906976744186,164,ProcessA,0
congested,nearest,43,86,0,0,0,17,10,0.11494252873563218,168,ProcessA,0
congested,nearest,43,87,0,0,0,17,10,0.11363636363636363,168,ProcessA,0
congested,nearest,43,88,0,0,0,18,10,0.11235955056179775,168,ProcessA,0
congested,nearest,43,89,0,0,0,18,10,0.1111111111111111,168,ProcessA,0
congested,nearest,43,90,0,0,0,17,10,0.10989010989010989,170,ProcessA,0
congested,nearest,43,91,0,0,0,17,10,0.10869565217391304,170,ProcessA,0
congested,nearest,43,92,0,0,0,18,10,0.10752688172043011,170,ProcessA,0
congested,nearest,43,93,0,0,0,17,10,0.10638297872340426,174,ProcessA,0
congested,nearest,43,94,0,0,0,17,10,0.10526315789473684,174,ProcessA,0
congested,nearest,43,95,0,0,0,17,10,0.10416666666666667,178,ProcessA,0
congested,nearest,43,96,0,0,0,17,10,0.10309278350515463,178,ProcessA,0
congested,nearest,43,97,0,0,0,17,10,0.10204081632653061,180,ProcessA,0
congested,nearest,43,98,0,0,0,17,10,0.10101010101010101,180,ProcessA,0
congested,nearest,43,99,0,0,0,17,10,0.1,182,ProcessA,0
